<?xml version="1.0" encoding="UTF-8"?>
<endpoint xmlns="http://ws.apache.org/ns/synapse" name="GasdLookup_Search_EP----">
    <http method="get" uri-template="https://192.168.100.20:9443/services/gasd_lookup_ds?q={query.param.q}">
        <timeout>
            <duration>60000</duration>
            <responseAction>fault</responseAction>
        </timeout>
        <suspendOnFailure>
            <errorCodes>101500,101501,101506,101507,101508</errorCodes>
            <initialDuration>1000</initialDuration>
            <progressionFactor>2.0</progressionFactor>
            <maximumDuration>60000</maximumDuration>
        </suspendOnFailure>
        <markForSuspension>
            <errorCodes>101503,101504,101505</errorCodes>
            <retriesBeforeSuspension>3</retriesBeforeSuspension>
            <retryDelay>1</retryDelay>
        </markForSuspension>
    </http>
</endpoint>
